objectid,filename,youtubeid,vimeoid,title,creator,date,description,subject,location,latitude,longitude,source,identifier,type,format,language,rights,rightsstatement
2007scape_1,2007scape_1.jpg,,,"The state of High level PvM Clans: ""Venezuelans and bots ruin the game."" In the meantime, this is what the discord server of one of the bigger PvM clans looks like. Accounts with 10k+ Raids KC go undetected because they only offload their GP to so called ""clanfriends/clanmembers"". So hypocritical.",Puzzleheaded-Cash959,2021-05-23,Image post mentioning Venezuela or 'Vennies' in the Old School RuneScape community.,digital history; OSRS; Venezuela; Vennies; Reddit; community practices,,,,https://www.reddit.com/r/2007scape/comments/nj4t9o/the_state_of_high_level_pvm_clans_venezuelans_and/,https://i.redd.it/kj3nrawwgu071.png,Image;StillImage,image/jpeg,eng,Educational use / Fair use for research,https://rightsstatements.org/vocab/InC-EDU/1.0/
2007scape_2,2007scape_2.jpg,,,Why RoT was unable to DDoS the Venezuelan army,Mighty_Poo,2020-01-18,Image post mentioning Venezuela or 'Vennies' in the Old School RuneScape community.,digital history; OSRS; Venezuela; Vennies; Reddit; community practices,,,,https://www.reddit.com/r/2007scape/comments/eqa49l/why_rot_was_unable_to_ddos_the_venezuelan_army/,https://i.redd.it/mbvabqvl0gb41.png,Image;StillImage,image/jpeg,eng,Educational use / Fair use for research,https://rightsstatements.org/vocab/InC-EDU/1.0/
2007scape_3,2007scape_3.jpg,,,"We have a skeleton boss (Vet'ion), a spider boss (venni), a bear boss (cally) , etc. All being based off npc's that roam the wilderness. The place around Mammoths is mostly empty so it would be nice to have a Mammoth boss which could be evened out by only allowing javalins and spears to harm it.",Skippy__pb,2017-07-16,Image post mentioning Venezuela or 'Vennies' in the Old School RuneScape community.,digital history; OSRS; Venezuela; Vennies; Reddit; community practices,,,,https://www.reddit.com/r/2007scape/comments/6nnvua/we_have_a_skeleton_boss_vetion_a_spider_boss/,https://i.redd.it/gymkd7un30az.jpg,Image;StillImage,image/jpeg,eng,Educational use / Fair use for research,https://rightsstatements.org/vocab/InC-EDU/1.0/
2007scape_4,2007scape_4.jpg,,,Venezuelan Farmers,RandomlyBroken2,2019-04-20,Image post mentioning Venezuela or 'Vennies' in the Old School RuneScape community.,digital history; OSRS; Venezuela; Vennies; Reddit; community practices,,,,https://www.reddit.com/r/2007scape/comments/bfb1vs/venezuelan_farmers/,https://i.imgur.com/MKENiyn.png,Image;StillImage,image/jpeg,eng,Educational use / Fair use for research,https://rightsstatements.org/vocab/InC-EDU/1.0/
2007scape_5,2007scape_5.jpg,,,A very nice Venezuelan gave me some pro-tips today :),lilcuphoe,2021-04-13,Image post mentioning Venezuela or 'Vennies' in the Old School RuneScape community.,digital history; OSRS; Venezuela; Vennies; Reddit; community practices,,,,https://www.reddit.com/r/2007scape/comments/mpwpvr/a_very_nice_venezuelan_gave_me_some_protips_today/,https://i.redd.it/ume8bu2iyvs61.jpg,Image;StillImage,image/jpeg,eng,Educational use / Fair use for research,https://rightsstatements.org/vocab/InC-EDU/1.0/
2007scape_6,2007scape_6.jpg,,,Our favorite clicking simulator got featured in a pretty interesting read by NPR about the economy of Venezuela,OnenWells,2021-07-24,Image post mentioning Venezuela or 'Vennies' in the Old School RuneScape community.,digital history; OSRS; Venezuela; Vennies; Reddit; community practices,,,,https://www.reddit.com/r/2007scape/comments/or0nfo/our_favorite_clicking_simulator_got_featured_in_a/,https://i.redd.it/hyzdxw6ax8d71.png,Image;StillImage,image/jpeg,eng,Educational use / Fair use for research,https://rightsstatements.org/vocab/InC-EDU/1.0/
2007scape_7,2007scape_7.jpg,,,Power outage in Venezuela has plummeted the amount of dragon bones sold,Scrodem,2019-03-09,Image post mentioning Venezuela or 'Vennies' in the Old School RuneScape community.,digital history; OSRS; Venezuela; Vennies; Reddit; community practices,,,,https://www.reddit.com/r/2007scape/comments/ayyji8/power_outage_in_venezuela_has_plummeted_the/,https://i.redd.it/unctmwnz60l21.jpg,Image;StillImage,image/jpeg,eng,Educational use / Fair use for research,https://rightsstatements.org/vocab/InC-EDU/1.0/
2007scape_8,2007scape_8.jpg,,,Moons is botted so badly that charging water orbs now loses you money,ihateanime6969,2025-09-01,Image post mentioning Venezuela or 'Vennies' in the Old School RuneScape community.,digital history; OSRS; Venezuela; Vennies; Reddit; community practices,,,,https://www.reddit.com/r/2007scape/comments/1n5h8oj/moons_is_botted_so_badly_that_charging_water_orbs/,https://i.redd.it/qmfzyfq8yhmf1.png,Image;StillImage,image/jpeg,eng,Educational use / Fair use for research,https://rightsstatements.org/vocab/InC-EDU/1.0/
2007scape_9,2007scape_9.jpg,,,RIP VENEZUELA,Pig_Beenis,2019-07-23,Image post mentioning Venezuela or 'Vennies' in the Old School RuneScape community.,digital history; OSRS; Venezuela; Vennies; Reddit; community practices,,,,https://www.reddit.com/r/2007scape/comments/cgvj62/rip_venezuela/,https://i.redd.it/t9itfwl973c31.png,Image;StillImage,image/jpeg,eng,Educational use / Fair use for research,https://rightsstatements.org/vocab/InC-EDU/1.0/
2007scape_10,2007scape_10.jpg,,,Recent botbusting stream collapsed Venezuelan economy.,Daoshu,2018-06-16,Image post mentioning Venezuela or 'Vennies' in the Old School RuneScape community.,digital history; OSRS; Venezuela; Vennies; Reddit; community practices,,,,https://www.reddit.com/r/2007scape/comments/8rm2yd/recent_botbusting_stream_collapsed_venezuelan/,https://i.redd.it/js0r3t7dbf411.png,Image;StillImage,image/jpeg,eng,Educational use / Fair use for research,https://rightsstatements.org/vocab/InC-EDU/1.0/
2007scape_11,2007scape_11.jpg,,,"Venezuelan gold farmer bought a diesel generator by playing osrs to keep ""living to live""",giankpetrov,2018-03-19,Image post mentioning Venezuela or 'Vennies' in the Old School RuneScape community.,digital history; OSRS; Venezuela; Vennies; Reddit; community practices,,,,https://www.reddit.com/r/2007scape/comments/85fv86/venezuelan_gold_farmer_bought_a_diesel_generator/,https://i.redd.it/442kbepkhmm01.png,Image;StillImage,image/jpeg,eng,Educational use / Fair use for research,https://rightsstatements.org/vocab/InC-EDU/1.0/
2007scape_12,2007scape_12.jpg,,,Calls on Venezuela,StakedUp,2025-03-13,Image post mentioning Venezuela or 'Vennies' in the Old School RuneScape community.,digital history; OSRS; Venezuela; Vennies; Reddit; community practices,,,,https://www.reddit.com/r/2007scape/comments/1jahhjz/calls_on_venezuela/,https://i.redd.it/mymai3kirhoe1.png,Image;StillImage,image/jpeg,eng,Educational use / Fair use for research,https://rightsstatements.org/vocab/InC-EDU/1.0/
2007scape_13,2007scape_13.jpg,,,I think it would be fair to lower these requirements for new wilderness content.,Tonisis96,2024-09-08,Image post mentioning Venezuela or 'Vennies' in the Old School RuneScape community.,digital history; OSRS; Venezuela; Vennies; Reddit; community practices,,,,https://www.reddit.com/r/2007scape/comments/1fby55j/i_think_it_would_be_fair_to_lower_these/,https://i.redd.it/x7we4v4a9lnd1.png,Image;StillImage,image/jpeg,eng,Educational use / Fair use for research,https://rightsstatements.org/vocab/InC-EDU/1.0/
2007scape_14,2007scape_14.jpg,,,Reddit moment,lexprofile,2022-01-25,Image post mentioning Venezuela or 'Vennies' in the Old School RuneScape community.,digital history; OSRS; Venezuela; Vennies; Reddit; community practices,,,,https://www.reddit.com/r/2007scape/comments/scolh4/reddit_moment/,https://i.redd.it/d5mwyyaskwd81.jpg,Image;StillImage,image/jpeg,eng,Educational use / Fair use for research,https://rightsstatements.org/vocab/InC-EDU/1.0/
2007scape_15,2007scape_15.jpg,,,Thanks daddy Jagex,spodertanker,2021-01-21,Image post mentioning Venezuela or 'Vennies' in the Old School RuneScape community.,digital history; OSRS; Venezuela; Vennies; Reddit; community practices,,,,https://www.reddit.com/r/2007scape/comments/l25sty/thanks_daddy_jagex/,https://i.redd.it/gop7b2rimqc61.jpg,Image;StillImage,image/jpeg,eng,Educational use / Fair use for research,https://rightsstatements.org/vocab/InC-EDU/1.0/
2007scape_16,2007scape_16.jpg,,,"If you are wondering why there is so few bots today, Venezuela suffers second blackout within a month.",Red_Inferno,2019-03-26,Image post mentioning Venezuela or 'Vennies' in the Old School RuneScape community.,digital history; OSRS; Venezuela; Vennies; Reddit; community practices,,,,https://www.reddit.com/r/2007scape/comments/b5psz2/if_you_are_wondering_why_there_is_so_few_bots/,https://i.imgur.com/yjD81rf.png,Image;StillImage,image/jpeg,eng,Educational use / Fair use for research,https://rightsstatements.org/vocab/InC-EDU/1.0/
2007scape_17,2007scape_17.jpg,,,How I enjoy the game,DannyCavalerie,2025-09-18,Image post mentioning Venezuela or 'Vennies' in the Old School RuneScape community.,digital history; OSRS; Venezuela; Vennies; Reddit; community practices,,,,https://www.reddit.com/r/2007scape/comments/1nk9t3w/how_i_enjoy_the_game/,https://i.redd.it/jnvt04l7oxpf1.jpeg,Image;StillImage,image/jpeg,eng,Educational use / Fair use for research,https://rightsstatements.org/vocab/InC-EDU/1.0/
2007scape_18,2007scape_18.jpg,,,Skeleton attacked me while killing Venezuela Runecrafters. Lmao,mandarinas56,2018-08-28,Image post mentioning Venezuela or 'Vennies' in the Old School RuneScape community.,digital history; OSRS; Venezuela; Vennies; Reddit; community practices,,,,https://www.reddit.com/r/2007scape/comments/9azxjr/skeleton_attacked_me_while_killing_venezuela/,https://i.redd.it/zz3ueawlsui11.png,Image;StillImage,image/jpeg,eng,Educational use / Fair use for research,https://rightsstatements.org/vocab/InC-EDU/1.0/
2007scape_19,2007scape_19.jpg,,,Oathplate armour set is the same price as Torva Platebody at 250m,torturechamber,2025-08-01,Image post mentioning Venezuela or 'Vennies' in the Old School RuneScape community.,digital history; OSRS; Venezuela; Vennies; Reddit; community practices,,,,https://www.reddit.com/r/2007scape/comments/1mf4kz3/oathplate_armour_set_is_the_same_price_as_torva/,https://i.redd.it/cq8kiuqedggf1.jpeg,Image;StillImage,image/jpeg,eng,Educational use / Fair use for research,https://rightsstatements.org/vocab/InC-EDU/1.0/
2007scape_20,2007scape_20.jpg,,,Fire Cape on my 1 Prayer 1 Def Ironman,pickaxe_osrs,2025-08-20,Image post mentioning Venezuela or 'Vennies' in the Old School RuneScape community.,digital history; OSRS; Venezuela; Vennies; Reddit; community practices,,,,https://www.reddit.com/r/2007scape/comments/1mvsref/fire_cape_on_my_1_prayer_1_def_ironman/,https://i.redd.it/q31vxxpey8kf1.png,Image;StillImage,image/jpeg,eng,Educational use / Fair use for research,https://rightsstatements.org/vocab/InC-EDU/1.0/
2007scape_21,2007scape_21.jpg,,,In honor of Hermano the Venezuelan's new youtube account,DavyCockettTheFSB,2021-06-30,Image post mentioning Venezuela or 'Vennies' in the Old School RuneScape community.,digital history; OSRS; Venezuela; Vennies; Reddit; community practices,,,,https://www.reddit.com/r/2007scape/comments/ob2nen/in_honor_of_hermano_the_venezuelans_new_youtube/,https://i.redd.it/tsvvkdhsyf871.jpg,Image;StillImage,image/jpeg,eng,Educational use / Fair use for research,https://rightsstatements.org/vocab/InC-EDU/1.0/
2007scape_22,2007scape_22.jpg,,,What happened to all my precious dragon bots?,deeeeeckbutt,2024-12-24,Image post mentioning Venezuela or 'Vennies' in the Old School RuneScape community.,digital history; OSRS; Venezuela; Vennies; Reddit; community practices,,,,https://www.reddit.com/r/2007scape/comments/1hl6299/what_happened_to_all_my_precious_dragon_bots/,https://i.redd.it/ji75gdcg8q8e1.jpeg,Image;StillImage,image/jpeg,eng,Educational use / Fair use for research,https://rightsstatements.org/vocab/InC-EDU/1.0/
2007scape_23,2007scape_23.jpg,,,"Nahhhhhhhhhh, this is the most W416 Venezuelan shit I've ever seen.",Borchert97,2021-01-13,Image post mentioning Venezuela or 'Vennies' in the Old School RuneScape community.,digital history; OSRS; Venezuela; Vennies; Reddit; community practices,,,,https://www.reddit.com/r/2007scape/comments/kwdif0/nahhhhhhhhhh_this_is_the_most_w416_venezuelan/,https://i.redd.it/rf1pnvogp2b61.png,Image;StillImage,image/jpeg,eng,Educational use / Fair use for research,https://rightsstatements.org/vocab/InC-EDU/1.0/
2007scape_24,2007scape_24.jpg,,,When someone says they help starving Venezuelan families and you RWT gold,Gradebmilk,2018-06-13,Image post mentioning Venezuela or 'Vennies' in the Old School RuneScape community.,digital history; OSRS; Venezuela; Vennies; Reddit; community practices,,,,https://www.reddit.com/r/2007scape/comments/8qwtzy/when_someone_says_they_help_starving_venezuelan/,https://i.redd.it/rjmh0e8rju311.png,Image;StillImage,image/jpeg,eng,Educational use / Fair use for research,https://rightsstatements.org/vocab/InC-EDU/1.0/
2007scape_25,2007scape_25.jpg,,,This huge PK battle went on for several minutes while I flinched the chaos elemental before someone finally ran out and killed me. Are huge battles like this common? There was at least 15 people,MintySkyhawk,2025-09-21,Image post mentioning Venezuela or 'Vennies' in the Old School RuneScape community.,digital history; OSRS; Venezuela; Vennies; Reddit; community practices,,,,https://www.reddit.com/r/2007scape/comments/1nmsee9/this_huge_pk_battle_went_on_for_several_minutes/,https://i.redd.it/zja1qxe4viqf1.png,Image;StillImage,image/jpeg,eng,Educational use / Fair use for research,https://rightsstatements.org/vocab/InC-EDU/1.0/
2007scape_26,2007scape_26.jpg,,,What in the Venezuela is going on here,lilcuphoe,2020-08-18,Image post mentioning Venezuela or 'Vennies' in the Old School RuneScape community.,digital history; OSRS; Venezuela; Vennies; Reddit; community practices,,,,https://www.reddit.com/r/2007scape/comments/ic4gsa/what_in_the_venezuela_is_going_on_here/,https://i.redd.it/jmywkyjzgsh51.jpg,Image;StillImage,image/jpeg,eng,Educational use / Fair use for research,https://rightsstatements.org/vocab/InC-EDU/1.0/
2007scape_27,2007scape_27.jpg,,,"Found this in a Venezuelan osrs group on Facebook lmao. ‚ÄúWhen you find the duo that killed your friend, but they kill you too‚Äù",300HPWasAlotBackInTD,2019-06-25,Image post mentioning Venezuela or 'Vennies' in the Old School RuneScape community.,digital history; OSRS; Venezuela; Vennies; Reddit; community practices,,,,https://www.reddit.com/r/2007scape/comments/c524hm/found_this_in_a_venezuelan_osrs_group_on_facebook/,https://i.redd.it/nqrs9m2kff631.jpg,Image;StillImage,image/jpeg,eng,Educational use / Fair use for research,https://rightsstatements.org/vocab/InC-EDU/1.0/
2007scape_28,2007scape_28.jpg,,,On one side of the spectrum... I'd be suspicious too,ShinetalesRS,2023-05-31,Image post mentioning Venezuela or 'Vennies' in the Old School RuneScape community.,digital history; OSRS; Venezuela; Vennies; Reddit; community practices,,,,https://www.reddit.com/r/2007scape/comments/13whsou/on_one_side_of_the_spectrum_id_be_suspicious_too/,https://i.redd.it/1ln3rmuwk63b1.jpg,Image;StillImage,image/jpeg,eng,Educational use / Fair use for research,https://rightsstatements.org/vocab/InC-EDU/1.0/
2007scape_29,2007scape_29.jpg,,,Venezuela At The Moment (Shit Post),Shatterzzz,2019-04-04,Image post mentioning Venezuela or 'Vennies' in the Old School RuneScape community.,digital history; OSRS; Venezuela; Vennies; Reddit; community practices,,,,https://www.reddit.com/r/2007scape/comments/b96u5o/venezuela_at_the_moment_shit_post/,https://i.redd.it/5i6gasnjm5q21.png,Image;StillImage,image/jpeg,eng,Educational use / Fair use for research,https://rightsstatements.org/vocab/InC-EDU/1.0/
2007scape_30,2007scape_30.jpg,,,I just want some venny shards...,NaefinSong,2025-09-09,Image post mentioning Venezuela or 'Vennies' in the Old School RuneScape community.,digital history; OSRS; Venezuela; Vennies; Reddit; community practices,,,,https://www.reddit.com/r/2007scape/comments/1nc4f1k/i_just_want_some_venny_shards/,https://i.redd.it/zfg5uwtu71of1.png,Image;StillImage,image/jpeg,eng,Educational use / Fair use for research,https://rightsstatements.org/vocab/InC-EDU/1.0/
2007scape_31,2007scape_31.jpg,,,"""I just cut yews and fished a lot""",KakeMuttan,2020-08-10,Image post mentioning Venezuela or 'Vennies' in the Old School RuneScape community.,digital history; OSRS; Venezuela; Vennies; Reddit; community practices,,,,https://www.reddit.com/r/2007scape/comments/i76i2z/i_just_cut_yews_and_fished_a_lot/,https://i.redd.it/ejdvpk28x6g51.png,Image;StillImage,image/jpeg,eng,Educational use / Fair use for research,https://rightsstatements.org/vocab/InC-EDU/1.0/
2007scape_32,2007scape_32.jpg,,,Petition to Move the Grand Exchange to Venezuela,Nuknuk48,2018-06-13,Image post mentioning Venezuela or 'Vennies' in the Old School RuneScape community.,digital history; OSRS; Venezuela; Vennies; Reddit; community practices,,,,https://www.reddit.com/r/2007scape/comments/8qo5it/petition_to_move_the_grand_exchange_to_venezuela/,https://i.redd.it/swsr5zfryn311.png,Image;StillImage,image/jpeg,eng,Educational use / Fair use for research,https://rightsstatements.org/vocab/InC-EDU/1.0/
2007scape_33,2007scape_33.jpg,,,I paid $40 for this,LivingxLegend8,2023-06-08,Image post mentioning Venezuela or 'Vennies' in the Old School RuneScape community.,digital history; OSRS; Venezuela; Vennies; Reddit; community practices,,,,https://www.reddit.com/r/2007scape/comments/1449tyj/i_paid_40_for_this/,https://i.redd.it/yymqy781us4b1.jpg,Image;StillImage,image/jpeg,eng,Educational use / Fair use for research,https://rightsstatements.org/vocab/InC-EDU/1.0/
2007scape_34,2007scape_34.jpg,,,I‚Äôm sure it‚Äôs been posted before but cracks me up,Double-Pumped-Ur-Nan,2023-11-08,Image post mentioning Venezuela or 'Vennies' in the Old School RuneScape community.,digital history; OSRS; Venezuela; Vennies; Reddit; community practices,,,,https://www.reddit.com/r/2007scape/comments/17qng8r/im_sure_its_been_posted_before_but_cracks_me_up/,https://i.redd.it/uha8g0fx15zb1.jpg,Image;StillImage,image/jpeg,eng,Educational use / Fair use for research,https://rightsstatements.org/vocab/InC-EDU/1.0/
2007scape_35,2007scape_35.jpg,,,"RC BOTS BROKEN AND FLOODING W376 GE, all 99+RC. SEND HELP",Young-finance,2025-08-25,Image post mentioning Venezuela or 'Vennies' in the Old School RuneScape community.,digital history; OSRS; Venezuela; Vennies; Reddit; community practices,,,,https://www.reddit.com/r/2007scape/comments/1mzn2n4/rc_bots_broken_and_flooding_w376_ge_all_99rc_send/,https://i.redd.it/zbz68oa3a5lf1.jpeg,Image;StillImage,image/jpeg,eng,Educational use / Fair use for research,https://rightsstatements.org/vocab/InC-EDU/1.0/
2007scape_36,2007scape_36.jpg,,,I‚Äôve been seeing this picture floating around but does anyone actually know where it is?,Devgajan,2023-12-23,Image post mentioning Venezuela or 'Vennies' in the Old School RuneScape community.,digital history; OSRS; Venezuela; Vennies; Reddit; community practices,,,,https://www.reddit.com/r/2007scape/comments/18pftc3/ive_been_seeing_this_picture_floating_around_but/,https://i.redd.it/y6qjg1fu648c1.jpeg,Image;StillImage,image/jpeg,eng,Educational use / Fair use for research,https://rightsstatements.org/vocab/InC-EDU/1.0/
2007scape_37,2007scape_37.jpg,,,Still No Regrets ü´°,Few_Attitude_1932,2025-08-28,Image post mentioning Venezuela or 'Vennies' in the Old School RuneScape community.,digital history; OSRS; Venezuela; Vennies; Reddit; community practices,,,,https://www.reddit.com/r/2007scape/comments/1n2d40f/still_no_regrets/,https://i.redd.it/3e1fydnqorlf1.jpeg,Image;StillImage,image/jpeg,eng,Educational use / Fair use for research,https://rightsstatements.org/vocab/InC-EDU/1.0/
2007scape_38,2007scape_38.jpg,,,Nobody expects the Spa....Venezuelan Inquisition!,Jas603,2020-09-05,Image post mentioning Venezuela or 'Vennies' in the Old School RuneScape community.,digital history; OSRS; Venezuela; Vennies; Reddit; community practices,,,,https://www.reddit.com/r/2007scape/comments/imt2f7/nobody_expects_the_spavenezuelan_inquisition/,https://i.redd.it/48zoq6tzl8l51.png,Image;StillImage,image/jpeg,eng,Educational use / Fair use for research,https://rightsstatements.org/vocab/InC-EDU/1.0/
2007scape_39,2007scape_39.jpg,,,"W301, headed for north Falador when I saw a random pile of 32m in the distance. Was a random level 56 standing on top of it, assuming it was a troll/lure. It wasn't, and tried to convince me to give it back. So I'm correct to understand they just wanted to ""sell"" those bonds for actual cash, right?",Aviarn,2024-04-10,Image post mentioning Venezuela or 'Vennies' in the Old School RuneScape community.,digital history; OSRS; Venezuela; Vennies; Reddit; community practices,,,,https://www.reddit.com/r/2007scape/comments/1c0myfw/w301_headed_for_north_falador_when_i_saw_a_random/,https://i.redd.it/711u7sdswntc1.png,Image;StillImage,image/jpeg,eng,Educational use / Fair use for research,https://rightsstatements.org/vocab/InC-EDU/1.0/
2007scape_40,2007scape_40.jpg,,,Anti-cheating stats for the first half of February,mileseverett,2021-02-16,Image post mentioning Venezuela or 'Vennies' in the Old School RuneScape community.,digital history; OSRS; Venezuela; Vennies; Reddit; community practices,,,,https://www.reddit.com/r/2007scape/comments/ll3yzq/anticheating_stats_for_the_first_half_of_february/,https://i.redd.it/fxjrzwncuth61.png,Image;StillImage,image/jpeg,eng,Educational use / Fair use for research,https://rightsstatements.org/vocab/InC-EDU/1.0/
2007scape_41,2007scape_41.jpg,,,The Ugly Truths About W330 Hosting ‚Äî written by a previous well-known host (AKA Why the new update is a GOOD thing!),HostOcra,2019-09-13,Image post mentioning Venezuela or 'Vennies' in the Old School RuneScape community.,digital history; OSRS; Venezuela; Vennies; Reddit; community practices,,,,https://www.reddit.com/r/2007scape/comments/d3vzpd/the_ugly_truths_about_w330_hosting_written_by_a/,https://i.redd.it/scocnwl2xem31.png,Image;StillImage,image/jpeg,eng,Educational use / Fair use for research,https://rightsstatements.org/vocab/InC-EDU/1.0/
2007scape_42,2007scape_42.jpg,,,"Jagex, do you even hire people who know the game? Make a new character instead of see the hairstylist in Falador..? Wtf",spindleJulix,2019-10-12,Image post mentioning Venezuela or 'Vennies' in the Old School RuneScape community.,digital history; OSRS; Venezuela; Vennies; Reddit; community practices,,,,https://www.reddit.com/r/2007scape/comments/dh24sg/jagex_do_you_even_hire_people_who_know_the_game/,https://i.imgur.com/pOgWSYo.jpg,Image;StillImage,image/jpeg,eng,Educational use / Fair use for research,https://rightsstatements.org/vocab/InC-EDU/1.0/
2007scape_43,2007scape_43.jpg,,,"1k lootations from the Venezuelan queen, no tool seed but hell, i'm fluent in Spanish now.",Aromatic-Status-1099,2024-03-02,Image post mentioning Venezuela or 'Vennies' in the Old School RuneScape community.,digital history; OSRS; Venezuela; Vennies; Reddit; community practices,,,,https://www.reddit.com/r/2007scape/comments/1b4m20m/1k_lootations_from_the_venezuelan_queen_no_tool/,https://i.redd.it/rndug6s1nwlc1.png,Image;StillImage,image/jpeg,eng,Educational use / Fair use for research,https://rightsstatements.org/vocab/InC-EDU/1.0/
2007scape_44,2007scape_44.jpg,,,"Huge emblem farm uncovered at Goblin Village W319, presumably Venezuelan goldfarmers. It appears the new BH has made this a lot easier/profitable",fearsword357,2019-11-10,Image post mentioning Venezuela or 'Vennies' in the Old School RuneScape community.,digital history; OSRS; Venezuela; Vennies; Reddit; community practices,,,,https://www.reddit.com/r/2007scape/comments/du8ff2/huge_emblem_farm_uncovered_at_goblin_village_w319/,https://i.redd.it/h8n20d848tx31.png,Image;StillImage,image/jpeg,eng,Educational use / Fair use for research,https://rightsstatements.org/vocab/InC-EDU/1.0/
2007scape_45,2007scape_45.jpg,,,If only we already had a skill to craft magical items that could do with some more variety...,vLiiaaM,2019-04-17,Image post mentioning Venezuela or 'Vennies' in the Old School RuneScape community.,digital history; OSRS; Venezuela; Vennies; Reddit; community practices,,,,https://www.reddit.com/r/2007scape/comments/be4y9l/if_only_we_already_had_a_skill_to_craft_magical/,https://i.imgur.com/b6DtD9n.png,Image;StillImage,image/jpeg,eng,Educational use / Fair use for research,https://rightsstatements.org/vocab/InC-EDU/1.0/
2007scape_46,2007scape_46.jpg,,,Fun conversation with a Venezuelan at green drags,LORYoutube,2020-11-11,Image post mentioning Venezuela or 'Vennies' in the Old School RuneScape community.,digital history; OSRS; Venezuela; Vennies; Reddit; community practices,,,,https://www.reddit.com/r/2007scape/comments/jsb0xw/fun_conversation_with_a_venezuelan_at_green_drags/,https://i.redd.it/wukswk5vymy51.jpg,Image;StillImage,image/jpeg,eng,Educational use / Fair use for research,https://rightsstatements.org/vocab/InC-EDU/1.0/
2007scape_47,2007scape_47.jpg,,,"New American owners? Don't worry, things won't chang...",TreadingBoards,2021-01-26,Image post mentioning Venezuela or 'Vennies' in the Old School RuneScape community.,digital history; OSRS; Venezuela; Vennies; Reddit; community practices,,,,https://www.reddit.com/r/2007scape/comments/l5ny2w/new_american_owners_dont_worry_things_wont_chang/,https://i.redd.it/jbceo2nttqd61.jpg,Image;StillImage,image/jpeg,eng,Educational use / Fair use for research,https://rightsstatements.org/vocab/InC-EDU/1.0/
2007scape_48,2007scape_48.jpg,,,doing clue...,Auenke,2020-10-06,Image post mentioning Venezuela or 'Vennies' in the Old School RuneScape community.,digital history; OSRS; Venezuela; Vennies; Reddit; community practices,,,,https://www.reddit.com/r/2007scape/comments/j5xqr0/doing_clue/,https://i.redd.it/haoh7bh56er51.png,Image;StillImage,image/jpeg,eng,Educational use / Fair use for research,https://rightsstatements.org/vocab/InC-EDU/1.0/
2007scape_49,2007scape_49.jpg,,,Bonds now cost 1m a day to upkeep ,Makaveli2020,2024-07-08,Image post mentioning Venezuela or 'Vennies' in the Old School RuneScape community.,digital history; OSRS; Venezuela; Vennies; Reddit; community practices,,,,https://www.reddit.com/r/2007scape/comments/1dy31ja/bonds_now_cost_1m_a_day_to_upkeep/,https://i.redd.it/7i0es1vw09bd1.png,Image;StillImage,image/jpeg,eng,Educational use / Fair use for research,https://rightsstatements.org/vocab/InC-EDU/1.0/
2007scape_50,2007scape_50.jpg,,,Talk or reported.,xtraspice19,2020-09-08,Image post mentioning Venezuela or 'Vennies' in the Old School RuneScape community.,digital history; OSRS; Venezuela; Vennies; Reddit; community practices,,,,https://www.reddit.com/r/2007scape/comments/iori0y/talk_or_reported/,https://i.redd.it/9oqlvzjlnwl51.jpg,Image;StillImage,image/jpeg,eng,Educational use / Fair use for research,https://rightsstatements.org/vocab/InC-EDU/1.0/
2007scape_51,2007scape_51.jpg,,,Lost 6 dragon imps to Venezuelan gold farmers today (Ironman),YaBoiInfin,2022-06-30,Image post mentioning Venezuela or 'Vennies' in the Old School RuneScape community.,digital history; OSRS; Venezuela; Vennies; Reddit; community practices,,,,https://www.reddit.com/r/2007scape/comments/vok5ww/lost_6_dragon_imps_to_venezuelan_gold_farmers/,https://i.redd.it/nv111oq8zt891.png,Image;StillImage,image/jpeg,eng,Educational use / Fair use for research,https://rightsstatements.org/vocab/InC-EDU/1.0/
2007scape_52,2007scape_52.jpg,,,"[PETITION] Make death at Zalcano punishable with 80k GP. Power in Venezuela goes out and ruins our games. Also, it could be instanced so we can play with our friends or cc's without getting crashed",Househost,2020-09-25,Image post mentioning Venezuela or 'Vennies' in the Old School RuneScape community.,digital history; OSRS; Venezuela; Vennies; Reddit; community practices,,,,https://www.reddit.com/r/2007scape/comments/izftus/petition_make_death_at_zalcano_punishable_with/,https://i.redd.it/0y49lc1k79p51.jpg,Image;StillImage,image/jpeg,eng,Educational use / Fair use for research,https://rightsstatements.org/vocab/InC-EDU/1.0/
2007scape_53,2007scape_53.jpg,,,When you're level 46 in a skill you want to get to 99,woofbark2,2018-12-24,Image post mentioning Venezuela or 'Vennies' in the Old School RuneScape community.,digital history; OSRS; Venezuela; Vennies; Reddit; community practices,,,,https://www.reddit.com/r/2007scape/comments/a91pn6/when_youre_level_46_in_a_skill_you_want_to_get_to/,https://i.redd.it/flzwev8xj5621.jpg,Image;StillImage,image/jpeg,eng,Educational use / Fair use for research,https://rightsstatements.org/vocab/InC-EDU/1.0/
2007scape_54,2007scape_54.jpg,,,What we got VS What we could've had,Tykras,2024-03-29,Image post mentioning Venezuela or 'Vennies' in the Old School RuneScape community.,digital history; OSRS; Venezuela; Vennies; Reddit; community practices,,,,https://www.reddit.com/r/2007scape/comments/1bqtwj2/what_we_got_vs_what_we_couldve_had/,https://i.redd.it/nifaks58yarc1.png,Image;StillImage,image/jpeg,eng,Educational use / Fair use for research,https://rightsstatements.org/vocab/InC-EDU/1.0/
2007scape_55,2007scape_55.jpg,,,"BH world full of Bots + Vennies due to our wildly consistent game rules depending on world, pvp/pvm, etc they're unkillable b/c there is no PJ timer. Rag Bots are peak PvM.",youjustlostthegameee,2025-03-02,Image post mentioning Venezuela or 'Vennies' in the Old School RuneScape community.,digital history; OSRS; Venezuela; Vennies; Reddit; community practices,,,,https://www.reddit.com/r/2007scape/comments/1j1tzjk/bh_world_full_of_bots_vennies_due_to_our_wildly/,https://i.redd.it/8c3cue25tame1.png,Image;StillImage,image/jpeg,eng,Educational use / Fair use for research,https://rightsstatements.org/vocab/InC-EDU/1.0/
2007scape_56,2007scape_56.jpg,,,Venezuelan goldfarmers seeing their fellow gold farmers getting hit by Mod Tyran‚Äôs hammer,Manbyfire22,2021-01-27,Image post mentioning Venezuela or 'Vennies' in the Old School RuneScape community.,digital history; OSRS; Venezuela; Vennies; Reddit; community practices,,,,https://www.reddit.com/r/2007scape/comments/l6b0oj/venezuelan_goldfarmers_seeing_their_fellow_gold/,https://i.redd.it/gt48ufrh3xd61.jpg,Image;StillImage,image/jpeg,eng,Educational use / Fair use for research,https://rightsstatements.org/vocab/InC-EDU/1.0/
2007scape_57,2007scape_57.jpg,,,How to double your bank in one easy step. Venezuelans hate him.,Yirkarja,2019-08-01,Image post mentioning Venezuela or 'Vennies' in the Old School RuneScape community.,digital history; OSRS; Venezuela; Vennies; Reddit; community practices,,,,https://www.reddit.com/r/2007scape/comments/cko60a/how_to_double_your_bank_in_one_easy_step/,https://i.redd.it/0eyaikpj6ud31.png,Image;StillImage,image/jpeg,eng,Educational use / Fair use for research,https://rightsstatements.org/vocab/InC-EDU/1.0/
2007scape_58,2007scape_58.jpg,,,Venezuela [2017],cwjackson,2017-06-12,Image post mentioning Venezuela or 'Vennies' in the Old School RuneScape community.,digital history; OSRS; Venezuela; Vennies; Reddit; community practices,,,,https://www.reddit.com/r/2007scape/comments/6gvsaj/venezuela_2017/,https://i.redd.it/b8asegofma3z.jpg,Image;StillImage,image/jpeg,eng,Educational use / Fair use for research,https://rightsstatements.org/vocab/InC-EDU/1.0/
2007scape_59,2007scape_59.jpg,,,1st Kc Venny Shard,Ready-Active-295,2025-01-29,Image post mentioning Venezuela or 'Vennies' in the Old School RuneScape community.,digital history; OSRS; Venezuela; Vennies; Reddit; community practices,,,,https://www.reddit.com/r/2007scape/comments/1iculu9/1st_kc_venny_shard/,https://i.redd.it/hxx114fnxxfe1.jpeg,Image;StillImage,image/jpeg,eng,Educational use / Fair use for research,https://rightsstatements.org/vocab/InC-EDU/1.0/
2007scape_60,2007scape_60.jpg,,,Every Venezuelan gold farmer ever,osrszeze,2019-01-16,Image post mentioning Venezuela or 'Vennies' in the Old School RuneScape community.,digital history; OSRS; Venezuela; Vennies; Reddit; community practices,,,,https://www.reddit.com/r/2007scape/comments/agmt0j/every_venezuelan_gold_farmer_ever/,https://i.redd.it/8mm7n6n1ata21.png,Image;StillImage,image/jpeg,eng,Educational use / Fair use for research,https://rightsstatements.org/vocab/InC-EDU/1.0/
2007scape_61,2007scape_61.jpg,,,"I work 50 hour weeks, so I don't get much free time to play, but Im really excited to start my grind to 99. I have never got a 99 before, and really want it to be RC.",SM1334,2022-08-27,Image post mentioning Venezuela or 'Vennies' in the Old School RuneScape community.,digital history; OSRS; Venezuela; Vennies; Reddit; community practices,,,,https://www.reddit.com/r/2007scape/comments/wz8ws0/i_work_50_hour_weeks_so_i_dont_get_much_free_time/,https://i.imgur.com/6ChFndp.jpg,Image;StillImage,image/jpeg,eng,Educational use / Fair use for research,https://rightsstatements.org/vocab/InC-EDU/1.0/
2007scape_62,2007scape_62.jpg,,,New lawn sign just dropped,FakeIsaacWolf,2025-07-24,Image post mentioning Venezuela or 'Vennies' in the Old School RuneScape community.,digital history; OSRS; Venezuela; Vennies; Reddit; community practices,,,,https://www.reddit.com/r/2007scape/comments/1m8a0vg/new_lawn_sign_just_dropped/,https://i.redd.it/onelxrvjsuef1.jpeg,Image;StillImage,image/jpeg,eng,Educational use / Fair use for research,https://rightsstatements.org/vocab/InC-EDU/1.0/
2007scape_63,2007scape_63.jpg,,,wE dIdN't InTeNd FoR a ChEaP wEaPoN tO bE sO sTrOnG,BillW87,2021-01-22,Image post mentioning Venezuela or 'Vennies' in the Old School RuneScape community.,digital history; OSRS; Venezuela; Vennies; Reddit; community practices,,,,https://www.reddit.com/r/2007scape/comments/l2nd65/we_didnt_intend_for_a_cheap_weapon_to_be_so_strong/,https://i.imgur.com/1Z7iuqP.png,Image;StillImage,image/jpeg,eng,Educational use / Fair use for research,https://rightsstatements.org/vocab/InC-EDU/1.0/
2007scape_64,2007scape_64.jpg,,,"We have a skeleton boss (Vet'ion), a spider boss (venni), a bear boss (cally) , etc. All being based off npc's that roam the wilderness. With talk of a mammoth boss, why not also a chaos dwarf boss?",ClovieKay,2017-07-17,Image post mentioning Venezuela or 'Vennies' in the Old School RuneScape community.,digital history; OSRS; Venezuela; Vennies; Reddit; community practices,,,,https://www.reddit.com/r/2007scape/comments/6nqlns/we_have_a_skeleton_boss_vetion_a_spider_boss/,https://i.redd.it/azudfz42n2az.jpg,Image;StillImage,image/jpeg,eng,Educational use / Fair use for research,https://rightsstatements.org/vocab/InC-EDU/1.0/
2007scape_65,2007scape_65.jpg,,,"Got my iirst 3rd age item, been playing since 2006. Gear upgrade time!",WholesomeGregor,2023-03-16,Image post mentioning Venezuela or 'Vennies' in the Old School RuneScape community.,digital history; OSRS; Venezuela; Vennies; Reddit; community practices,,,,https://www.reddit.com/r/2007scape/comments/11svy50/got_my_iirst_3rd_age_item_been_playing_since_2006/,https://i.redd.it/e2w8i2g444oa1.png,Image;StillImage,image/jpeg,eng,Educational use / Fair use for research,https://rightsstatements.org/vocab/InC-EDU/1.0/
2007scape_66,2007scape_66.jpg,,,First Venezuelan gold farmer to achieve Twisted bow drop:,Justpispsu,2020-01-22,Image post mentioning Venezuela or 'Vennies' in the Old School RuneScape community.,digital history; OSRS; Venezuela; Vennies; Reddit; community practices,,,,https://www.reddit.com/r/2007scape/comments/esgys3/first_venezuelan_gold_farmer_to_achieve_twisted/,https://i.redd.it/0kt6ui45vdc41.jpg,Image;StillImage,image/jpeg,eng,Educational use / Fair use for research,https://rightsstatements.org/vocab/InC-EDU/1.0/
2007scape_67,2007scape_67.jpg,,,Phial's little secret,HastashAples,2024-11-06,Image post mentioning Venezuela or 'Vennies' in the Old School RuneScape community.,digital history; OSRS; Venezuela; Vennies; Reddit; community practices,,,,https://www.reddit.com/r/2007scape/comments/1gl3dwt/phials_little_secret/,https://i.redd.it/i9v90kadcbzd1.png,Image;StillImage,image/jpeg,eng,Educational use / Fair use for research,https://rightsstatements.org/vocab/InC-EDU/1.0/
2007scape_68,2007scape_68.jpg,,,OSRS just hit a new record with over 71k players online.,EmilysPro_Vieuwbot,2017-12-10,Image post mentioning Venezuela or 'Vennies' in the Old School RuneScape community.,digital history; OSRS; Venezuela; Vennies; Reddit; community practices,,,,https://www.reddit.com/r/2007scape/comments/7iwj9u/osrs_just_hit_a_new_record_with_over_71k_players/,https://i.redd.it/4hyjdcjkn5301.png,Image;StillImage,image/jpeg,eng,Educational use / Fair use for research,https://rightsstatements.org/vocab/InC-EDU/1.0/
2007scape_69,2007scape_69.jpg,,,TF these drops?,Blastercheese,2023-07-27,Image post mentioning Venezuela or 'Vennies' in the Old School RuneScape community.,digital history; OSRS; Venezuela; Vennies; Reddit; community practices,,,,https://www.reddit.com/r/2007scape/comments/15axbhf/tf_these_drops/,https://i.redd.it/zano52hv9heb1.png,Image;StillImage,image/jpeg,eng,Educational use / Fair use for research,https://rightsstatements.org/vocab/InC-EDU/1.0/
2007scape_70,2007scape_70.jpg,,,Don't even get me started on Venezuela,Revdudeson,2022-03-29,Image post mentioning Venezuela or 'Vennies' in the Old School RuneScape community.,digital history; OSRS; Venezuela; Vennies; Reddit; community practices,,,,https://www.reddit.com/r/2007scape/comments/trpx1e/dont_even_get_me_started_on_venezuela/,https://i.imgur.com/qzVfOk9.png,Image;StillImage,image/jpeg,eng,Educational use / Fair use for research,https://rightsstatements.org/vocab/InC-EDU/1.0/
2007scape_71,2007scape_71.jpg,,,OSRS just hit 80 000 player online for the first time since it's realise,Elcan_SpecterDR,2018-01-14,Image post mentioning Venezuela or 'Vennies' in the Old School RuneScape community.,digital history; OSRS; Venezuela; Vennies; Reddit; community practices,,,,https://www.reddit.com/r/2007scape/comments/7qe4ma/osrs_just_hit_80_000_player_online_for_the_first/,https://i.redd.it/tps3cjb783a01.png,Image;StillImage,image/jpeg,eng,Educational use / Fair use for research,https://rightsstatements.org/vocab/InC-EDU/1.0/
2007scape_72,2007scape_72.jpg,,,The way of life,no1shome,2018-07-01,Image post mentioning Venezuela or 'Vennies' in the Old School RuneScape community.,digital history; OSRS; Venezuela; Vennies; Reddit; community practices,,,,https://www.reddit.com/r/2007scape/comments/8v8o2o/the_way_of_life/,https://i.redd.it/fsxp28kota711.png,Image;StillImage,image/jpeg,eng,Educational use / Fair use for research,https://rightsstatements.org/vocab/InC-EDU/1.0/
2007scape_73,2007scape_73.jpg,,,Yeah yeah.. I know.. different time zones. Still salty,TheTrueFishbunjin,2024-04-22,Image post mentioning Venezuela or 'Vennies' in the Old School RuneScape community.,digital history; OSRS; Venezuela; Vennies; Reddit; community practices,,,,https://www.reddit.com/r/2007scape/comments/1ca6oen/yeah_yeah_i_know_different_time_zones_still_salty/,https://i.redd.it/2cdt0nhj50wc1.jpeg,Image;StillImage,image/jpeg,eng,Educational use / Fair use for research,https://rightsstatements.org/vocab/InC-EDU/1.0/
2007scape_74,2007scape_74.jpg,,,a friend of mine his collection log. (he is not a venny),Pengo___,2023-12-27,Image post mentioning Venezuela or 'Vennies' in the Old School RuneScape community.,digital history; OSRS; Venezuela; Vennies; Reddit; community practices,,,,https://www.reddit.com/r/2007scape/comments/18s322k/a_friend_of_mine_his_collection_log_he_is_not_a/,https://i.redd.it/gfa7qpneuu8c1.jpeg,Image;StillImage,image/jpeg,eng,Educational use / Fair use for research,https://rightsstatements.org/vocab/InC-EDU/1.0/
2007scape_75,2007scape_75.jpg,,,"Big thank you to Jagex for not banning my Zulrah alts! I finally hit 500,000 kills! (Mods - The names of my alts are all redacted)",FirstContribution236,2023-09-14,Image post mentioning Venezuela or 'Vennies' in the Old School RuneScape community.,digital history; OSRS; Venezuela; Vennies; Reddit; community practices,,,,https://www.reddit.com/r/2007scape/comments/16ikt3d/big_thank_you_to_jagex_for_not_banning_my_zulrah/,https://i.redd.it/stz8pkaqk8ob1.jpg,Image;StillImage,image/jpeg,eng,Educational use / Fair use for research,https://rightsstatements.org/vocab/InC-EDU/1.0/
2007scape_76,2007scape_76.jpg,,,The Truth Behind Venezuelan Farmers,Beerpressured,2019-12-19,Image post mentioning Venezuela or 'Vennies' in the Old School RuneScape community.,digital history; OSRS; Venezuela; Vennies; Reddit; community practices,,,,https://www.reddit.com/r/2007scape/comments/ecq7tn/the_truth_behind_venezuelan_farmers/,https://i.redd.it/vbfc9nktch541.png,Image;StillImage,image/jpeg,eng,Educational use / Fair use for research,https://rightsstatements.org/vocab/InC-EDU/1.0/
2007scape_77,2007scape_77.jpg,,,Venezuelan got pk'd at Chaos Altar came back in full bronze for revenge,OddResponsibility0,2019-03-25,Image post mentioning Venezuela or 'Vennies' in the Old School RuneScape community.,digital history; OSRS; Venezuela; Vennies; Reddit; community practices,,,,https://www.reddit.com/r/2007scape/comments/b59ldd/venezuelan_got_pkd_at_chaos_altar_came_back_in/,https://i.redd.it/phanb2fc49o21.png,Image;StillImage,image/jpeg,eng,Educational use / Fair use for research,https://rightsstatements.org/vocab/InC-EDU/1.0/
2007scape_78,2007scape_78.jpg,,,She‚Äôs going to be my little Venezuelan power leveler before she knows it.,Poonypete,2020-08-12,Image post mentioning Venezuela or 'Vennies' in the Old School RuneScape community.,digital history; OSRS; Venezuela; Vennies; Reddit; community practices,,,,https://www.reddit.com/r/2007scape/comments/i8e9iq/shes_going_to_be_my_little_venezuelan_power/,https://i.redd.it/zs2tp09ovkg51.jpg,Image;StillImage,image/jpeg,eng,Educational use / Fair use for research,https://rightsstatements.org/vocab/InC-EDU/1.0/
2007scape_79,2007scape_79.jpg,,,Just got rank 12 Vorkath! I finally bought Rigour! Is getting 83 construction worth it? I have almost no money left on my account for some reason... Not sure why,alalal191919,2022-03-10,Image post mentioning Venezuela or 'Vennies' in the Old School RuneScape community.,digital history; OSRS; Venezuela; Vennies; Reddit; community practices,,,,https://www.reddit.com/r/2007scape/comments/tap0nr/just_got_rank_12_vorkath_i_finally_bought_rigour/,https://i.redd.it/v5znueva3hm81.png,Image;StillImage,image/jpeg,eng,Educational use / Fair use for research,https://rightsstatements.org/vocab/InC-EDU/1.0/
2007scape_80,2007scape_80.jpg,,,And this day Venezuela economy crashed even harder,popleg55,2020-06-25,Image post mentioning Venezuela or 'Vennies' in the Old School RuneScape community.,digital history; OSRS; Venezuela; Vennies; Reddit; community practices,,,,https://www.reddit.com/r/2007scape/comments/hfncka/and_this_day_venezuela_economy_crashed_even_harder/,https://i.redd.it/9v7694k2k2751.jpg,Image;StillImage,image/jpeg,eng,Educational use / Fair use for research,https://rightsstatements.org/vocab/InC-EDU/1.0/
2007scape_81,2007scape_81.jpg,,,The Chaos Altar experience,JewelTK,2021-02-01,Image post mentioning Venezuela or 'Vennies' in the Old School RuneScape community.,digital history; OSRS; Venezuela; Vennies; Reddit; community practices,,,,https://www.reddit.com/r/2007scape/comments/l9pqpf/the_chaos_altar_experience/,https://i.redd.it/4zndl9qxbre61.png,Image;StillImage,image/jpeg,eng,Educational use / Fair use for research,https://rightsstatements.org/vocab/InC-EDU/1.0/
2007scape_82,2007scape_82.jpg,,,We also play OSRS - Online petition for a Brasilian/Latin America Server,maxsosrs,2019-07-02,Image post mentioning Venezuela or 'Vennies' in the Old School RuneScape community.,digital history; OSRS; Venezuela; Vennies; Reddit; community practices,,,,https://www.reddit.com/r/2007scape/comments/c8eclo/we_also_play_osrs_online_petition_for_a/,https://i.redd.it/d86y0tb96y731.png,Image;StillImage,image/jpeg,eng,Educational use / Fair use for research,https://rightsstatements.org/vocab/InC-EDU/1.0/
2007scape_83,2007scape_83.jpg,,,[Suggestion] Change Rev cave teleport icon,Kumagor0,2020-09-06,Image post mentioning Venezuela or 'Vennies' in the Old School RuneScape community.,digital history; OSRS; Venezuela; Vennies; Reddit; community practices,,,,https://www.reddit.com/r/2007scape/comments/inrvy1/suggestion_change_rev_cave_teleport_icon/,https://i.redd.it/wc19305yskl51.png,Image;StillImage,image/jpeg,eng,Educational use / Fair use for research,https://rightsstatements.org/vocab/InC-EDU/1.0/
2007scape_84,2007scape_84.jpg,,,"Jagex, I am absolutely loving the new Rev Caves. Please do not listen to all the haters. -sincerely Venezuelan gold farming overlord.",dunnman94,2018-02-17,Image post mentioning Venezuela or 'Vennies' in the Old School RuneScape community.,digital history; OSRS; Venezuela; Vennies; Reddit; community practices,,,,https://www.reddit.com/r/2007scape/comments/7y8n8o/jagex_i_am_absolutely_loving_the_new_rev_caves/,https://i.redd.it/qogu5400otg01.jpg,Image;StillImage,image/jpeg,eng,Educational use / Fair use for research,https://rightsstatements.org/vocab/InC-EDU/1.0/
2007scape_85,2007scape_85.jpg,,,The state of LMS bot posts is unreadable,shuggieknight,2022-01-16,Image post mentioning Venezuela or 'Vennies' in the Old School RuneScape community.,digital history; OSRS; Venezuela; Vennies; Reddit; community practices,,,,https://www.reddit.com/r/2007scape/comments/s5ghqa/the_state_of_lms_bot_posts_is_unreadable/,https://i.redd.it/pj0tw6pn23c81.jpg,Image;StillImage,image/jpeg,eng,Educational use / Fair use for research,https://rightsstatements.org/vocab/InC-EDU/1.0/
2007scape_86,2007scape_86.jpg,,,Ranarr seed prices dropped 25% in 2 weeks and snapdragons by almost 20%. this is every normal p2p world. Do something jagex. im here working for free with my gilded spade and brewed attack to lure the dark wizards but its not enough. B0T NUK3 P10X,Treblosity,2019-06-02,Image post mentioning Venezuela or 'Vennies' in the Old School RuneScape community.,digital history; OSRS; Venezuela; Vennies; Reddit; community practices,,,,https://www.reddit.com/r/2007scape/comments/bw1uwd/ranarr_seed_prices_dropped_25_in_2_weeks_and/,https://i.redd.it/52elrswo30231.png,Image;StillImage,image/jpeg,eng,Educational use / Fair use for research,https://rightsstatements.org/vocab/InC-EDU/1.0/
2007scape_87,2007scape_87.jpg,,,Lets move the duel arena to Venezuela,futuredoctorr,2020-10-26,Image post mentioning Venezuela or 'Vennies' in the Old School RuneScape community.,digital history; OSRS; Venezuela; Vennies; Reddit; community practices,,,,https://www.reddit.com/r/2007scape/comments/jimhyr/lets_move_the_duel_arena_to_venezuela/,https://i.redd.it/maf2kwvr0iv51.jpg,Image;StillImage,image/jpeg,eng,Educational use / Fair use for research,https://rightsstatements.org/vocab/InC-EDU/1.0/
2007scape_88,2007scape_88.jpg,,,Watching a documentary on Venezuelan gold farmers...So you‚Äôre telling me that all the big bad clans who originally ran the rev caves got their asses kicked out by a bunch of guys on spotty internet using these?,enricupcake,2020-09-08,Image post mentioning Venezuela or 'Vennies' in the Old School RuneScape community.,digital history; OSRS; Venezuela; Vennies; Reddit; community practices,,,,https://www.reddit.com/r/2007scape/comments/iotg7c/watching_a_documentary_on_venezuelan_gold/,https://i.redd.it/nr1suzaadxl51.jpg,Image;StillImage,image/jpeg,eng,Educational use / Fair use for research,https://rightsstatements.org/vocab/InC-EDU/1.0/
2007scape_89,2007scape_89.jpg,,,It be like that sometimes,Pappyhands,2019-09-09,Image post mentioning Venezuela or 'Vennies' in the Old School RuneScape community.,digital history; OSRS; Venezuela; Vennies; Reddit; community practices,,,,https://www.reddit.com/r/2007scape/comments/d1s6lv/it_be_like_that_sometimes/,https://i.redd.it/k6s3lqux3ll31.jpg,Image;StillImage,image/jpeg,eng,Educational use / Fair use for research,https://rightsstatements.org/vocab/InC-EDU/1.0/
2007scape_90,2007scape_90.jpg,,,An actual Venezuelan offering to translate for $0.025 a page gets some sound advice,brammer190,2020-05-29,Image post mentioning Venezuela or 'Vennies' in the Old School RuneScape community.,digital history; OSRS; Venezuela; Vennies; Reddit; community practices,,,,https://www.reddit.com/r/2007scape/comments/gsqujs/an_actual_venezuelan_offering_to_translate_for/,https://i.redd.it/ou1wbzq8ro151.jpg,Image;StillImage,image/jpeg,eng,Educational use / Fair use for research,https://rightsstatements.org/vocab/InC-EDU/1.0/
2007scape_91,2007scape_91.jpg,,,When I was young and getting lost on my way to Falador.,highvalyriaan,2020-06-19,Image post mentioning Venezuela or 'Vennies' in the Old School RuneScape community.,digital history; OSRS; Venezuela; Vennies; Reddit; community practices,,,,https://www.reddit.com/r/2007scape/comments/hbykv3/when_i_was_young_and_getting_lost_on_my_way_to/,https://i.redd.it/meccprohku551.png,Image;StillImage,image/jpeg,eng,Educational use / Fair use for research,https://rightsstatements.org/vocab/InC-EDU/1.0/
2007scape_92,2007scape_92.jpg,,,Change my mind.,ScholarCC,2019-03-27,Image post mentioning Venezuela or 'Vennies' in the Old School RuneScape community.,digital history; OSRS; Venezuela; Vennies; Reddit; community practices,,,,https://www.reddit.com/r/2007scape/comments/b61n45/change_my_mind/,https://i.redd.it/ctjqaa7ramo21.jpg,Image;StillImage,image/jpeg,eng,Educational use / Fair use for research,https://rightsstatements.org/vocab/InC-EDU/1.0/
2007scape_93,2007scape_93.jpg,,,"Due to substantial Venezuelan aggression in the rev caves, I am issuing a mandatory recruitment to hunt down the purple wizard hat boys.",1-800-L2pkme,2020-09-05,Image post mentioning Venezuela or 'Vennies' in the Old School RuneScape community.,digital history; OSRS; Venezuela; Vennies; Reddit; community practices,,,,https://www.reddit.com/r/2007scape/comments/imtln3/due_to_substantial_venezuelan_aggression_in_the/,https://i.redd.it/4lww6ysus8l51.jpg,Image;StillImage,image/jpeg,eng,Educational use / Fair use for research,https://rightsstatements.org/vocab/InC-EDU/1.0/
2007scape_94,2007scape_94.jpg,,,We also play OSRS - Online petition for a Brasilian/Latin America Server - Trying to RESS,Lephork,2020-05-06,Image post mentioning Venezuela or 'Vennies' in the Old School RuneScape community.,digital history; OSRS; Venezuela; Vennies; Reddit; community practices,,,,https://www.reddit.com/r/2007scape/comments/geop5a/we_also_play_osrs_online_petition_for_a/,https://i.redd.it/3tf0iltvl6x41.jpg,Image;StillImage,image/jpeg,eng,Educational use / Fair use for research,https://rightsstatements.org/vocab/InC-EDU/1.0/
2007scape_95,2007scape_95.jpg,,,[A] Loot from 73 -> 74 Strength killing Air Orb Bots / Venezuelan Ladder Dancers,RuiningPunSubThreads,2018-05-27,Image post mentioning Venezuela or 'Vennies' in the Old School RuneScape community.,digital history; OSRS; Venezuela; Vennies; Reddit; community practices,,,,https://www.reddit.com/r/2007scape/comments/8mguaf/a_loot_from_73_74_strength_killing_air_orb_bots/,https://i.redd.it/mp93o9gofd011.png,Image;StillImage,image/jpeg,eng,Educational use / Fair use for research,https://rightsstatements.org/vocab/InC-EDU/1.0/
2007scape_96,2007scape_96.jpg,,,"From a Venezuelan RuneScape group on FB. ‚ÄúDad! You need to come home!‚Äù ‚ÄúSon, I can‚Äôt, I‚Äôm in the hospital‚Äù ‚ÄúMom logged into your account and wants to do skulled revs with your twisted bow‚Äù",300HPWasAlotBackInTD,2019-10-20,Image post mentioning Venezuela or 'Vennies' in the Old School RuneScape community.,digital history; OSRS; Venezuela; Vennies; Reddit; community practices,,,,https://www.reddit.com/r/2007scape/comments/dks4dj/from_a_venezuelan_runescape_group_on_fb_dad_you/,https://i.redd.it/qja8ac1dbst31.jpg,Image;StillImage,image/jpeg,eng,Educational use / Fair use for research,https://rightsstatements.org/vocab/InC-EDU/1.0/
2007scape_97,2007scape_97.jpg,,,Bond Prices across the world compared to USD,Ironmeme420,2024-01-02,Image post mentioning Venezuela or 'Vennies' in the Old School RuneScape community.,digital history; OSRS; Venezuela; Vennies; Reddit; community practices,,,,https://www.reddit.com/r/2007scape/comments/18wx9p4/bond_prices_across_the_world_compared_to_usd/,https://i.redd.it/cvggssdor2ac1.jpeg,Image;StillImage,image/jpeg,eng,Educational use / Fair use for research,https://rightsstatements.org/vocab/InC-EDU/1.0/
2007scape_98,2007scape_98.jpg,,,Watching pawn stars and I found an irl bot,divinetaco,2019-08-28,Image post mentioning Venezuela or 'Vennies' in the Old School RuneScape community.,digital history; OSRS; Venezuela; Vennies; Reddit; community practices,,,,https://www.reddit.com/r/2007scape/comments/cwp0yo/watching_pawn_stars_and_i_found_an_irl_bot/,https://i.redd.it/9vjybk9yj8j31.jpg,Image;StillImage,image/jpeg,eng,Educational use / Fair use for research,https://rightsstatements.org/vocab/InC-EDU/1.0/
2007scape_99,2007scape_99.jpg,,,'pleae' the sequel,AllonRS,2024-08-05,Image post mentioning Venezuela or 'Vennies' in the Old School RuneScape community.,digital history; OSRS; Venezuela; Vennies; Reddit; community practices,,,,https://www.reddit.com/r/2007scape/comments/1ekhoss/pleae_the_sequel/,https://i.redd.it/rf0vn9dtqsgd1.png,Image;StillImage,image/jpeg,eng,Educational use / Fair use for research,https://rightsstatements.org/vocab/InC-EDU/1.0/
2007scape_100,2007scape_100.jpg,,,I don't care if it isn't because of OSRS. I have convinced myself that it is and its hilarious,Bloodragev2,2020-03-18,Image post mentioning Venezuela or 'Vennies' in the Old School RuneScape community.,digital history; OSRS; Venezuela; Vennies; Reddit; community practices,,,,https://www.reddit.com/r/2007scape/comments/fkqgww/i_dont_care_if_it_isnt_because_of_osrs_i_have/,https://i.redd.it/rkxq5f7uzfn41.jpg,Image;StillImage,image/jpeg,eng,Educational use / Fair use for research,https://rightsstatements.org/vocab/InC-EDU/1.0/
2007scape_101,2007scape_101.jpg,,,Venezuelans smh,ikegrd,2018-07-21,Image post mentioning Venezuela or 'Vennies' in the Old School RuneScape community.,digital history; OSRS; Venezuela; Vennies; Reddit; community practices,,,,https://www.reddit.com/r/2007scape/comments/90mrol/venezuelans_smh/,https://i.redd.it/hkbetezmb8b11.png,Image;StillImage,image/jpeg,eng,Educational use / Fair use for research,https://rightsstatements.org/vocab/InC-EDU/1.0/
2007scape_102,2007scape_102.jpg,,,"Venezuela economy is falling apart, Jagex hurry!",highvalyriaan,2020-06-04,Image post mentioning Venezuela or 'Vennies' in the Old School RuneScape community.,digital history; OSRS; Venezuela; Vennies; Reddit; community practices,,,,https://www.reddit.com/r/2007scape/comments/gwexsd/venezuela_economy_is_falling_apart_jagex_hurry/,https://i.redd.it/mtjtm9zrfv251.png,Image;StillImage,image/jpeg,eng,Educational use / Fair use for research,https://rightsstatements.org/vocab/InC-EDU/1.0/
2007scape_103,2007scape_103.jpg,,,I matched with a Venezuelan gold farmer on Tinder,NSB1996,2021-04-13,Image post mentioning Venezuela or 'Vennies' in the Old School RuneScape community.,digital history; OSRS; Venezuela; Vennies; Reddit; community practices,,,,https://www.reddit.com/r/2007scape/comments/mptjnx/i_matched_with_a_venezuelan_gold_farmer_on_tinder/,https://i.redd.it/lxp2dj3cuus61.jpg,Image;StillImage,image/jpeg,eng,Educational use / Fair use for research,https://rightsstatements.org/vocab/InC-EDU/1.0/
2007scape_104,2007scape_104.jpg,,,‚ÄúOh Fuck‚Äù,25_buttholes,2019-04-13,Image post mentioning Venezuela or 'Vennies' in the Old School RuneScape community.,digital history; OSRS; Venezuela; Vennies; Reddit; community practices,,,,https://www.reddit.com/r/2007scape/comments/bcmvly/oh_fuck/,https://i.redd.it/73mi396mkyr21.jpg,Image;StillImage,image/jpeg,eng,Educational use / Fair use for research,https://rightsstatements.org/vocab/InC-EDU/1.0/
2007scape_105,2007scape_105.jpg,,,"""The skilling boss locked behind a GM quest shouldn't be good XP because... well it just shouldn't, okay?""",GODLOVESALL32,2023-10-20,Image post mentioning Venezuela or 'Vennies' in the Old School RuneScape community.,digital history; OSRS; Venezuela; Vennies; Reddit; community practices,,,,https://www.reddit.com/r/2007scape/comments/17cdlsy/the_skilling_boss_locked_behind_a_gm_quest/,https://i.redd.it/hp9dnl5zidvb1.png,Image;StillImage,image/jpeg,eng,Educational use / Fair use for research,https://rightsstatements.org/vocab/InC-EDU/1.0/
